Index,text
0,new york fed dsge model forecast novemb 2017
1,make safe asset safe
2,student loan default cyclic depend
3,like default student loan
4,low volatil puzzl time differ
5,low volatil puzzl investor complac
6,discretionari servic spend final made back 2007
7,upstat new york expans lose steam
8,releas new york fed market data dashboard
9,us monetari polici chang driver global liquid
10,onlin shop affect retail employ
11,cost durat excess fund capac triparti repo
12,hey economist tell us first year research director new york fed
13,pay interest excess reserv balanc
14,treasuri market practic group consequenti first decad
15,releas monthli underli inflat gaug
16,new york fed dsge model forecast august 2017
17,new york fed appropri govern role us mortgag market
18,releas introduc sce labor market survey
19,hey economist phd internship
20,counterparti collater polici central bank lend facil
21,releas credit card higher limit uptick delinqu
22,role central bank lend facil monetari polici
23,releas econom press brief focus region wage inequ
24,regulatori incent quarterend dynam repo market
25,closer look fed balanc sheet account
26,bank ever bore
27,bank bore repeal glasssteagal
28,fed chang size balanc sheet case mortgageback secur
29,releas updat soma portfolio incom project
30,fed chang size balanc sheet
31,role central bank lend facil monetari polici
32,market liquid financi crisi
33,low product growth capit format link
34,new york fed twelfth annual joint confer nyustern financi intermedi
35,low interest rate bank profit
36,introduc revis broad treasuri financ rate
37,hey economist forecast present
38,releas june region busi survey paint mix pictur
39,valu workplac benefit
40,releas bank loan perform magnifi glass
41,new york fed dsge model forecast may 2017
42,dealer balanc sheet corpor bond liquid provis
43,measur trend inflat underli inflat gaug
44,hey economist good time graduat colleg
45,household borrow histor perspect
46,credit market watch wave flag bankruptci
47,ny fed evolut otc deriv market
48,releas 2017 sce hous survey find increas optim home price growth
49,dealer borrow fed lenderoflastresort facil
50,forecast julia
51,releas new york fed staff forecast april 2017
52,chines growth overst
53,renegoti nafta could disrupt suppli chain
54,us export could face high tariff without nafta
55,end china export juggernaut
56,financi crise desir macroprudenti polici
57,peopl find job
58,histor echo noir gold case brasher doubloon
59,qe friction could bank favor refinanc new purchas borrow
60,front fha upfront mortgag insur premium
61,vault factor
62,need low interest rate era subdu invest spend
63,money market fund new sec regul
64,histor echo bank never exist say immigr say emigr
65,histor echo peski welloverdu librari book
66,releas region economi good start 2017
67,debt compet win
68,get senior loan offic opinion survey
69,close look declin homeownership
70,frbni dsge model forecast februari 2017
71,releas total household debt near 2008 peak debt pictur look much differ
72,homeownership gap final close
73,hous atm longer
74,evolut home equiti ownership
75,beyond 30 longterm treasuri bond issuanc 1957 1965
76,beyond 30 longterm treasuri bond issuanc 1953 1957
77,histor echo bank bank street
78,advent trade report us treasuri secur
79,histor echo track money
80,credit market arbitrag regulatori leverag
81,trend arbitragebas measur bond liquid
82,hey economist tobia adrian reflect work ny fed head imf
83,ny fed capit flow polici dilemma futur global financi integr
84,investig propos overnight treasuri gc repo benchmark rate
85,releas region busi survey point growth econom activ
86,clo equal
87,ny fed second annual confer evolv structur us treasuri market
88,correct releas subprim auto debt grow despit rise delinqu
89,releas subprim auto debt grow despit rise delinqu
90,ny fed conven evolut work
91,frbni dsge model forecast novemb 2016
92,releas press brief survey consum expect
93,final crisi chronicl panic 1907 birth fed
94,escap unemploy trap
95,inflat japan evertighten labor market
96,perform bond banker take aim misconduct
97,drive recent slump us import
98,bank roil oil
99,vault fund flight financi stabil
100,caus declin interst migrat unit state
101,histor echo bank teller action figur packag
102,histor echo bank teller action figur packag
103,let light financi report transpar improv corpor govern
104,ny fed workshop new research improv bank cultur govern
105,recent oil price declin affect bond price nonenergi compani
106,fear 10 billion
107,vault forward guidanc work
108,us real wage growth slow age
109,us real wage growth fast start block
110,discount window stigma unit kingdom
111,falter student loan payback time
112,iphon econom research tracker
113,chang face higher educ market
114,chang higher educ landscap
115,peopl revis inflat expect
116,histor echo celebr advertis gentleman bank robber
117,releas job growth region
118,closer look feder reserv secur lend program
119,releas firm assess effect afford care act
120,drive forecast disagr monetari polici
121,puerto rico evolv household debt
122,human capit educ puerto rico
123,puerto rico shrink labor forc particip
124,releas recent develop consum credit card borrow
125,migrat puerto rico brain drain
126,restor econom growth puerto rico introduct seri
127,histor echo ticketytock bank clock pretti face
128,reluct firm interview longterm unemploy
129,household neg wealth
130,forecast interest rate long run
131,histor echo fed cuban connect
132,implement monetari polici postcrisi need know
133,could liquid regul reviv bank lend channel
134,high reserv new polici tool reshap fed fund market
135,hey economist treasuri embrac regular predict issuanc
136,monetari polici transmiss crisi
137,monetari polici transmiss crisi
138,hey economist research statist group chang
139,releas may index coincid econom indic show econom growth moder across
140,rapidli chang natur japan public debt
141,riski busi govern mortgag insur program
142,health insur good financi health
143,releas map differ school spend new york citi
144,ny fed transatlant economi converg diverg
145,releas 2016 sce hous survey show modest declin home price expect
146,revisit case intern polici coordin
147,macro effect recent swing financi condit
148,releas hint increas hardship america oilproduc counti
149,frbni dsge model forecast may 2016
150,histor echo fed chair expound life
151,releas present us economi snapshot econom press brief
152,intern evid use effect macroprudenti polici
153,supervisori guidanc leverag lend work
154,crisi chronicl gold deflat panic 1893
155,household consumpt mobil lifecycl
156,turnaround privat public financi outflow china
157,histor echo echo schmecho post drop histori
158,lower oil price us econom activ
159,borrow lend swap collater gcf repo
160,lower oil price us econom activ
161,dealer trade gcf repo
162,understand interbank gcf repo market
163,lower oil price us econom activ
164,gcf repo
165,behind march spike treasuri fail
166,releas new york fed staff forecast april 2016
167,peek behind curtain bank supervis
168,supervis affect bank
169,releas introduc frbni nowcast
170,econom bank supervis much littl time
171,supervis larg complex financi institut defin object measur effect
172,releas us economi snapshot data chart
173,reconcil survey marketbas expect polici rate
174,survey marketbas expect polici rate differ
175,bank regul bank complex
176,stress test still inform
177,hey economist make big short
178,effect exchang rate shock domest price
179,fed smooth quarterend volatil fed fund market
180,happi fifth birthday lse
181,upstat new york job growth bad news good news wrong
182,bitcoin realli frictionless
183,track commod price
184,bank desert branch close soft inform
185,hey economist well weather snowstorm
186,would monetari tighten increas bank wholesal fund
187,cadillac tax drive firm chang plan
188,vault path interest rate
189,releas five new data seri consum expect
190,gray american debt
191,whither mortgag
192,quantifi potenti spillov run highyield fund
193,asset manag vulner fire sale
194,highfrequ crossmarket trade market volatil
195,workup technolog price discoveri interdeal market us treasuri secur
196,releas household debt grew slowli 2015 mortgag balanc stay flat
197,primari dealer particip secondari us treasuri market
198,treasuri market liquid becom concentr
199,analysi corpor bond market liquid
